"","nwC","nwG","nwV","nwTL"
"1",0.166727163147384,3.89348785871965,3.99728550890327,1.0011800576662
