"","nwC","nwG","nwV","nwTL"
"1",0.135430600959496,3.09578742355937,3.96888089472618,1.03209801486958
