"","nwC","nwG","nwV","nwTL"
"1",0.160139220438435,3.08883610012201,3.58918814423589,1.41257479999489
