"","nwC","nwG","nwV","nwTL"
"1",0.124457121781469,4.95576487005058,3.01007420627466,1.10972548369602
